<?xml version="1.0" encoding="UTF-8" standalone="yes"?>
<addon id="plugin.video.napiszar"
       name="Napiszar Videó Addon"
       version="1.0.0"
       provider-name="TeNeved">
<requires>
	<import addon="xbmc.python" version="3.0.0"/>
        <import addon="script.module.requests"/>
	<import addon="script.module.resolveurl"/>
	<import addon="script.module.beautifulsoup4"/>
    </requires>
    <extension point="xbmc.python.pluginsource" library="default.py">
        <provides>video</provides>
    </extension>
    <extension point="xbmc.addon.metadata">
    <extension point="xbmc.gui.window" library="default.xml"/>
        <summary lang="hu">Napiszar Videó Kiegészítő</summary>
        <description lang="hu">Napiszar.biz videóinak böngészése és lejátszása Kodi-ban.</description>
        <platform>all</platform>
        <assets>
            <icon>resources/icon.png</icon>
            <fanart>resources/fanart.jpg</fanart>
        </assets>
    </extension>
</addon>
