<?xml version="1.0" encoding="UTF-8" standalone="yes"?>
<addon id="plugin.video.napiszar"
       name="Napiszar Videó Addon"
       version="1.0.0"
       provider-name="TeNeved">
    <extension point="xbmc.python.pluginsource" library="default.py">
        <provides>video</provides>
    </extension>
    <extension point="xbmc.addon.metadata">
        <summary lang="hu">Napiszar Videó Kiegészítő</summary>
        <description lang="hu">Napiszar.biz videóinak böngészése és lejátszása Kodi-ban.</description>
        <platform>all</platform>
        <assets>
            <icon>resources/icon.png</icon>
            <fanart>resources/fanart.jpg</fanart>
        </assets>
    </extension>
</addon>
