<?xml version="1.0" encoding="UTF-8" standalone="yes"?>
<addon id="plugin.video.awilime" name="Awilime.com" version="1.0.0" provider-name="ZiDERViSiON">
	<requires>
		<import addon="script.module.beautifulsoup4" version="4.6.2"/>
		<import addon="script.module.requests" version="2.22.0"/>
		<import addon="script.module.resolveurl"/>
		<import addon="xbmc.python" version="3.0.0"/>
		<import addon="script.module.inputstreamhelper" version="0.4.3"/>
		<import addon="plugin.video.youtube"/>
		<import addon="plugin.video.streamshark"/>
	</requires>
	<extension point="xbmc.python.pluginsource" library="default.py">
		<provides>video</provides>
	</extension>
	<extension point="xbmc.addon.metadata">
		<summary lang="en">Awilime.com</summary>
		<description lang="en">Nézd meg a műsorújságot a https://awilime.com/ oldalról!</description>
		<language>hu</language>
		<platform>all</platform>
		<news> 
			1.0.0 - Első verzió
		</news>
		<assets>
		  <icon>icon.png</icon>
		  <fanart></fanart>
		</assets>
	</extension>
</addon>
